<?xml version="1.0" encoding="UTF-8"?>
<beans xmlns="http://www.springframework.org/schema/beans"
xmlns:xsi="http://www.w3.org/2001/XMLSchema-instance"
xmlns:ctx="http://www.springframework.org/schema/context"
xmlns:tx="http://www.springframework.org/schema/tx"

xsi:schemaLocation="http://www.springframework.org/schema/beans http://www.springframework.org/schema/beans/spring-beans.xsd
http://www.springframework.org/schema/context http://www.springframework.org/schema/context/spring-context.xsd
http://www.springframework.org/schema/tx
http://www.springframework.org/schema/tx/spring-tx.xsd
">

	<ctx:component-scan base-package="com.lti.br.core.services,com.lti.br.core.daos"></ctx:component-scan>
	
	<bean id = "ds"
		class = "org.springframework.jdbc.datasource.DriverManagerDataSource">
   		<property name = "driverClassName" value = "oracle.jdbc.OracleDriver"/>
   		<property name = "url" value = "jdbc:oracle:thin:@localhost:1521:xe"/>
   		<property name = "username" value = "bus1"/>
   		<property name = "password" value = "bus1"/>
	</bean>
	
  	<bean id="entityManagerFactory" class="org.springframework.orm.jpa.LocalContainerEntityManagerFactoryBean">
		<property name="packagesToScan" value="com.lti.br.core.entities" />
		<property name="dataSource" ref="ds" />
		<property name="jpaVendorAdapter">
		
		<bean class="org.springframework.orm.jpa.vendor.HibernateJpaVendorAdapter">
			<property name="generateDdl" value="false" />  <!-- creates table automatically -->
			<property name="showSql" value="true" />
		</bean>
		</property>
	</bean>

	<bean id="transactionManager" class="org.springframework.orm.jpa.JpaTransactionManager">
		<property name="entityManagerFactory" ref="entityManagerFactory" />
	</bean>

	<tx:annotation-driven transaction-manager="transactionManager"/>
</beans>